locus	start_offset	aligned_span	clip_len	clip_seq	cb	ub	cigar
kept	-59	60	31	AAAAAAAAAAAAAAAAAAAAAAAAAAAAAAA	ATCCATTAGACTGGGT	AAATGGTCACTA	60M31S
kept	-65	66	25	AAAAAAAAAAAAAAAAATAAAAAAA	TTCCTAAGTACGATTC	CTGTCCAGCCTA	66M25S
kept	-68	69	22	AAAAAAAAAAAAAAAAAAAAAA	ATGCATGCATAAGCGG	TTCACTCTCTAG	69M22S
kept	-72	76	15	AAAAAAAAAAAAAAA	AATCACGCATGGGTTT	CCAGGTACACTA	76M15S
kept	-77	78	13	AAAAAAAAAAAAA	AGACACTGTCAGTCGC	CATCGCTATATG	78M13S
kept	-84	85	6	AAAAAA	AGGGAGTTCCGACGGT	GAGAGAGCCCAA	85M6S
kept	-127	91	0		AGGTCTACATAACAGA	CCGCGGGCCTCG	91M
kept	-97	91	0		GTCGTAACACAGTCGC	ATAATTGAACGC	91M
removed	-61	62	29	AAAAAAAAAAAAAAAAAAAAAAAAAAAAA	TCACGCTAGATACATG	CTGTTTTTTTTT	62M29S
removed	-70	71	20	AAAAAAAAAAAAAAAACAAT	CTTGAGAAGAGTTGTA	TCTATGTAATAA	71M20S
removed	-76	77	14	AAAAAAAAAAAAAA	CCGAACGAGACGGTTG	ATAAATTTGGGT	77M14S
removed	-84	85	6	AAAAAA	CTAAGTGCAAGGCTTT	CAAACGGTATTA	85M6S
