panel	dataset	tool	N	atlas_agreement_precision_100bp	recall_detected_genes_100bp	F1_detected_genes_100bp	plotted	source	is_native_budget
c	pbmc_10k_v3	PeakATail	9456	0.952700	0.060900	0.114500	True	results/perf_gap/D3_head_to_head/tsv/01d_matched_n_headline_pbmc.tsv	False
c	pbmc_10k_v3	PeakATail	13560	0.941200	0.082800	0.152200	True	results/perf_gap/D3_head_to_head/tsv/01d_matched_n_headline_pbmc.tsv	False
c	pbmc_10k_v3	PeakATail	14939	0.935800	0.089600	0.163500	True	results/perf_gap/D3_head_to_head/tsv/01d_matched_n_headline_pbmc.tsv	False
c	pbmc_10k_v3	PeakATail	20320	0.907400	0.112200	0.199700	True	results/perf_gap/D3_head_to_head/tsv/01d_matched_n_headline_pbmc.tsv	False
c	pbmc_10k_v3	PeakATail	24043	0.879700	0.124800	0.218600	True	results/perf_gap/D3_head_to_head/tsv/01d_matched_n_headline_pbmc.tsv	False
c	pbmc_10k_v3	PeakATail	29814	0.835800	0.141900	0.242700	True	results/perf_gap/D3_head_to_head/tsv/01d_matched_n_headline_pbmc.tsv	False
c	pbmc_10k_v3	PeakATail	35759	0.757900	0.150700	0.251500	True	results/perf_gap/D3_head_to_head/tsv/01d_matched_n_headline_pbmc.tsv	False
c	pbmc_10k_v3	PeakATail	40519	0.726300	0.161300	0.264000	True	results/perf_gap/D3_head_to_head/tsv/01d_matched_n_headline_pbmc.tsv	False
c	pbmc_10k_v3	PeakATail	46524	0.706200	0.175400	0.281100	True	results/perf_gap/D3_head_to_head/tsv/01d_matched_n_headline_pbmc.tsv	True
c	pbmc_10k_v3	PeakATail	106170	0.426900	0.220400	0.290700	True	results/perf_gap/D3_head_to_head/tsv/01d_matched_n_headline_pbmc.tsv	False
c	pbmc_10k_v3	PeakATail	120916	0.403600	0.233600	0.295900	True	results/perf_gap/D3_head_to_head/tsv/01d_matched_n_headline_pbmc.tsv	False
c	pbmc_10k_v3	PeakATail	167565	0.352000	0.268500	0.304600	True	results/perf_gap/D3_head_to_head/tsv/01d_matched_n_headline_pbmc.tsv	False
c	pbmc_10k_v3	PeakATail	333920	0.204400	0.304300	0.244500	True	results/perf_gap/D3_head_to_head/tsv/01d_matched_n_headline_pbmc.tsv	False
c	pbmc_10k_v3	polyApipe	9456	0.967100	0.058700	0.110600	True	results/perf_gap/D3_head_to_head/tsv/01d_matched_n_headline_pbmc.tsv	False
c	pbmc_10k_v3	polyApipe	13560	0.948300	0.077700	0.143700	True	results/perf_gap/D3_head_to_head/tsv/01d_matched_n_headline_pbmc.tsv	False
c	pbmc_10k_v3	polyApipe	14939	0.939500	0.083200	0.152800	True	results/perf_gap/D3_head_to_head/tsv/01d_matched_n_headline_pbmc.tsv	False
c	pbmc_10k_v3	polyApipe	20320	0.870800	0.098800	0.177500	True	results/perf_gap/D3_head_to_head/tsv/01d_matched_n_headline_pbmc.tsv	False
c	pbmc_10k_v3	polyApipe	24043	0.827700	0.107700	0.190600	True	results/perf_gap/D3_head_to_head/tsv/01d_matched_n_headline_pbmc.tsv	False
c	pbmc_10k_v3	polyApipe	29814	0.743800	0.116000	0.200600	True	results/perf_gap/D3_head_to_head/tsv/01d_matched_n_headline_pbmc.tsv	False
c	pbmc_10k_v3	polyApipe	35759	0.686100	0.124500	0.210800	True	results/perf_gap/D3_head_to_head/tsv/01d_matched_n_headline_pbmc.tsv	False
c	pbmc_10k_v3	polyApipe	40519	0.649600	0.131000	0.218000	True	results/perf_gap/D3_head_to_head/tsv/01d_matched_n_headline_pbmc.tsv	False
c	pbmc_10k_v3	polyApipe	46524	0.604900	0.137500	0.224000	True	results/perf_gap/D3_head_to_head/tsv/01d_matched_n_headline_pbmc.tsv	False
c	pbmc_10k_v3	polyApipe	106170	0.400200	0.187100	0.255000	True	results/perf_gap/D3_head_to_head/tsv/01d_matched_n_headline_pbmc.tsv	False
c	pbmc_10k_v3	polyApipe	120916	0.380000	0.198800	0.261000	True	results/perf_gap/D3_head_to_head/tsv/01d_matched_n_headline_pbmc.tsv	True
c	pbmc_10k_v3	scAPAtrap	9456	0.423600	0.022400	0.042500	True	results/perf_gap/D3_head_to_head/tsv/01d_matched_n_headline_pbmc.tsv	False
c	pbmc_10k_v3	scAPAtrap	13560	0.432400	0.032700	0.060800	True	results/perf_gap/D3_head_to_head/tsv/01d_matched_n_headline_pbmc.tsv	False
c	pbmc_10k_v3	scAPAtrap	14939	0.424700	0.035300	0.065200	True	results/perf_gap/D3_head_to_head/tsv/01d_matched_n_headline_pbmc.tsv	False
c	pbmc_10k_v3	scAPAtrap	20320	0.415700	0.047200	0.084700	True	results/perf_gap/D3_head_to_head/tsv/01d_matched_n_headline_pbmc.tsv	False
c	pbmc_10k_v3	scAPAtrap	24043	0.390800	0.052300	0.092200	True	results/perf_gap/D3_head_to_head/tsv/01d_matched_n_headline_pbmc.tsv	False
c	pbmc_10k_v3	scAPAtrap	29814	0.362900	0.059700	0.102500	True	results/perf_gap/D3_head_to_head/tsv/01d_matched_n_headline_pbmc.tsv	False
c	pbmc_10k_v3	scAPAtrap	35759	0.338300	0.066000	0.110400	True	results/perf_gap/D3_head_to_head/tsv/01d_matched_n_headline_pbmc.tsv	False
c	pbmc_10k_v3	scAPAtrap	40519	0.323300	0.070800	0.116200	True	results/perf_gap/D3_head_to_head/tsv/01d_matched_n_headline_pbmc.tsv	False
c	pbmc_10k_v3	scAPAtrap	46524	0.306600	0.076300	0.122200	True	results/perf_gap/D3_head_to_head/tsv/01d_matched_n_headline_pbmc.tsv	False
c	pbmc_10k_v3	scAPAtrap	106170	0.221600	0.115900	0.152200	True	results/perf_gap/D3_head_to_head/tsv/01d_matched_n_headline_pbmc.tsv	False
c	pbmc_10k_v3	scAPAtrap	120916	0.210100	0.123300	0.155400	True	results/perf_gap/D3_head_to_head/tsv/01d_matched_n_headline_pbmc.tsv	False
c	pbmc_10k_v3	scAPAtrap	167565	0.185800	0.144800	0.162700	True	results/perf_gap/D3_head_to_head/tsv/01d_matched_n_headline_pbmc.tsv	False
c	pbmc_10k_v3	scAPAtrap	333920	0.144800	0.205200	0.169800	True	results/perf_gap/D3_head_to_head/tsv/01d_matched_n_headline_pbmc.tsv	False
c	pbmc_10k_v3	scAPAtrap	787138	0.099900	0.300400	0.150000	True	results/perf_gap/D3_head_to_head/tsv/01d_matched_n_headline_pbmc.tsv	True
c	pbmc_10k_v3	SCAPTURE	35759	0.651800	0.117600	0.199200	True	results/perf_gap/D3_head_to_head/tsv/01d_matched_n_headline_pbmc.tsv	True
c	pbmc_10k_v3	Sierra	9456	0.641200	0.035400	0.067100	True	results/perf_gap/D3_head_to_head/tsv/01d_matched_n_headline_pbmc.tsv	False
c	pbmc_10k_v3	Sierra	13560	0.578800	0.045600	0.084500	True	results/perf_gap/D3_head_to_head/tsv/01d_matched_n_headline_pbmc.tsv	False
c	pbmc_10k_v3	Sierra	14939	0.561300	0.048600	0.089400	True	results/perf_gap/D3_head_to_head/tsv/01d_matched_n_headline_pbmc.tsv	False
c	pbmc_10k_v3	Sierra	20320	0.506900	0.059000	0.105700	True	results/perf_gap/D3_head_to_head/tsv/01d_matched_n_headline_pbmc.tsv	False
c	pbmc_10k_v3	Sierra	24043	0.474300	0.064800	0.114000	True	results/perf_gap/D3_head_to_head/tsv/01d_matched_n_headline_pbmc.tsv	False
c	pbmc_10k_v3	Sierra	29814	0.436100	0.072900	0.124900	True	results/perf_gap/D3_head_to_head/tsv/01d_matched_n_headline_pbmc.tsv	False
c	pbmc_10k_v3	Sierra	35759	0.406600	0.080400	0.134200	True	results/perf_gap/D3_head_to_head/tsv/01d_matched_n_headline_pbmc.tsv	False
c	pbmc_10k_v3	Sierra	40519	0.385500	0.085400	0.139900	True	results/perf_gap/D3_head_to_head/tsv/01d_matched_n_headline_pbmc.tsv	False
c	pbmc_10k_v3	Sierra	46524	0.363600	0.091500	0.146200	True	results/perf_gap/D3_head_to_head/tsv/01d_matched_n_headline_pbmc.tsv	False
c	pbmc_10k_v3	Sierra	106170	0.255900	0.135000	0.176700	True	results/perf_gap/D3_head_to_head/tsv/01d_matched_n_headline_pbmc.tsv	True
c	pbmc_10k_v3	scUTRquant	9456	0.875400	0.052900	0.099700	True	results/perf_gap/D3_head_to_head/tsv/01d_matched_n_headline_pbmc.tsv	False
c	pbmc_10k_v3	scUTRquant	13560	0.877400	0.075600	0.139200	True	results/perf_gap/D3_head_to_head/tsv/01d_matched_n_headline_pbmc.tsv	False
c	pbmc_10k_v3	scUTRquant	14939	0.877300	0.083000	0.151600	True	results/perf_gap/D3_head_to_head/tsv/01d_matched_n_headline_pbmc.tsv	False
c	pbmc_10k_v3	scUTRquant	20320	0.869800	0.109500	0.194500	True	results/perf_gap/D3_head_to_head/tsv/01d_matched_n_headline_pbmc.tsv	False
c	pbmc_10k_v3	scUTRquant	24043	0.863100	0.126400	0.220500	True	results/perf_gap/D3_head_to_head/tsv/01d_matched_n_headline_pbmc.tsv	False
c	pbmc_10k_v3	scUTRquant	29814	0.844600	0.149300	0.253700	True	results/perf_gap/D3_head_to_head/tsv/01d_matched_n_headline_pbmc.tsv	False
c	pbmc_10k_v3	scUTRquant	35759	0.816500	0.167600	0.278100	True	results/perf_gap/D3_head_to_head/tsv/01d_matched_n_headline_pbmc.tsv	False
c	pbmc_10k_v3	scUTRquant	40519	0.792600	0.177700	0.290300	True	results/perf_gap/D3_head_to_head/tsv/01d_matched_n_headline_pbmc.tsv	True
d	gse104556	PeakATail	22550	0.773500	0.186500	0.300600	True	results/perf_gap/D3_head_to_head/tsv/01e_matched_n_headline_mouse1.tsv	False
d	gse104556	PeakATail	23645	0.767700	0.193500	0.309100	True	results/perf_gap/D3_head_to_head/tsv/01e_matched_n_headline_mouse1.tsv	False
d	gse104556	PeakATail	26255	0.745000	0.204800	0.321300	True	results/perf_gap/D3_head_to_head/tsv/01e_matched_n_headline_mouse1.tsv	True
d	gse104556	PeakATail	35732	0.672800	0.236800	0.350300	True	results/perf_gap/D3_head_to_head/tsv/01e_matched_n_headline_mouse1.tsv	False
d	gse104556	PeakATail	52792	0.568600	0.280600	0.375800	True	results/perf_gap/D3_head_to_head/tsv/01e_matched_n_headline_mouse1.tsv	False
d	gse104556	PeakATail	71983	0.448800	0.303400	0.362000	True	results/perf_gap/D3_head_to_head/tsv/01e_matched_n_headline_mouse1.tsv	False
d	gse104556	polyApipe	22550	0.738800	0.133900	0.226700	True	results/perf_gap/D3_head_to_head/tsv/01e_matched_n_headline_mouse1.tsv	False
d	gse104556	polyApipe	23645	0.726000	0.137400	0.231100	True	results/perf_gap/D3_head_to_head/tsv/01e_matched_n_headline_mouse1.tsv	False
d	gse104556	polyApipe	26255	0.695000	0.144300	0.239000	True	results/perf_gap/D3_head_to_head/tsv/01e_matched_n_headline_mouse1.tsv	False
d	gse104556	polyApipe	35732	0.613200	0.167700	0.263300	True	results/perf_gap/D3_head_to_head/tsv/01e_matched_n_headline_mouse1.tsv	False
d	gse104556	polyApipe	52792	0.496400	0.192500	0.277500	True	results/perf_gap/D3_head_to_head/tsv/01e_matched_n_headline_mouse1.tsv	False
d	gse104556	polyApipe	71983	0.435300	0.223100	0.295000	True	results/perf_gap/D3_head_to_head/tsv/01e_matched_n_headline_mouse1.tsv	False
d	gse104556	polyApipe	89527	0.400500	0.249900	0.307800	True	results/perf_gap/D3_head_to_head/tsv/01e_matched_n_headline_mouse1.tsv	True
d	gse104556	scAPAtrap	22550	0.485100	0.096500	0.161000	True	results/perf_gap/D3_head_to_head/tsv/01e_matched_n_headline_mouse1.tsv	False
d	gse104556	scAPAtrap	23645	0.479300	0.099300	0.164500	True	results/perf_gap/D3_head_to_head/tsv/01e_matched_n_headline_mouse1.tsv	False
d	gse104556	scAPAtrap	26255	0.468700	0.106000	0.172900	True	results/perf_gap/D3_head_to_head/tsv/01e_matched_n_headline_mouse1.tsv	False
d	gse104556	scAPAtrap	35732	0.430500	0.127000	0.196200	True	results/perf_gap/D3_head_to_head/tsv/01e_matched_n_headline_mouse1.tsv	False
d	gse104556	scAPAtrap	52792	0.380200	0.157500	0.222800	True	results/perf_gap/D3_head_to_head/tsv/01e_matched_n_headline_mouse1.tsv	False
d	gse104556	scAPAtrap	71983	0.337200	0.184300	0.238300	True	results/perf_gap/D3_head_to_head/tsv/01e_matched_n_headline_mouse1.tsv	False
d	gse104556	scAPAtrap	89527	0.306900	0.204400	0.245400	True	results/perf_gap/D3_head_to_head/tsv/01e_matched_n_headline_mouse1.tsv	False
d	gse104556	scAPAtrap	135538	0.250200	0.245300	0.247800	True	results/perf_gap/D3_head_to_head/tsv/01e_matched_n_headline_mouse1.tsv	True
d	gse104556	SCAPTURE	22550	0.697000	0.149600	0.246300	True	results/perf_gap/D3_head_to_head/tsv/01e_matched_n_headline_mouse1.tsv	False
d	gse104556	SCAPTURE	23645	0.693500	0.155100	0.253500	True	results/perf_gap/D3_head_to_head/tsv/01e_matched_n_headline_mouse1.tsv	True
d	gse104556	Sierra	22550	0.508700	0.107100	0.176900	True	results/perf_gap/D3_head_to_head/tsv/01e_matched_n_headline_mouse1.tsv	True
d	gse104556	scUTRquant	22550	0.835200	0.204300	0.328300	True	results/perf_gap/D3_head_to_head/tsv/01e_matched_n_headline_mouse1.tsv	False
d	gse104556	scUTRquant	23645	0.832100	0.210900	0.336400	True	results/perf_gap/D3_head_to_head/tsv/01e_matched_n_headline_mouse1.tsv	False
d	gse104556	scUTRquant	26255	0.822800	0.224500	0.352700	True	results/perf_gap/D3_head_to_head/tsv/01e_matched_n_headline_mouse1.tsv	False
d	gse104556	scUTRquant	35732	0.782500	0.258600	0.388800	True	results/perf_gap/D3_head_to_head/tsv/01e_matched_n_headline_mouse1.tsv	True
