arm	run	seed	n_tests	n_pairs_tested	n_q_lt_fdr	n_pair_families_with_hit	frac_p_lt_05	frac_q_lt_fdr	min_pvalue	median_pvalue	hits_ES_vs_RS	hits_ES_vs_SPC	hits_RS_vs_SPC
A_fisher_reads	true		783	3	307	3	0.4508301404853129	0.39208173690932313	0.0	0.0804363597825885	101	98	108
A_fisher_reads	perm_01	1	177	3	3	1	0.1694915254237288	0.01694915254237288	7.38445436238528e-05	0.4192035377600792	3	0	0
A_fisher_reads	perm_02	2	264	3	10	3	0.16287878787878787	0.03787878787878788	2.1798355040225183e-06	0.398214973944491	2	4	4
A_fisher_reads	perm_03	3	312	3	42	3	0.266025641025641	0.1346153846153846	1.3929704888469392e-08	0.2253073335059794	8	6	28
A_fisher_reads	perm_04	4	273	3	32	3	0.24175824175824176	0.11721611721611722	1.6643332317456306e-07	0.3861868412714365	13	15	4
A_fisher_reads	perm_05	5	327	3	37	3	0.2018348623853211	0.11314984709480122	1.020673979698684e-05	0.3908958494099559	10	4	23
A_fisher_reads	perm_06	6	297	3	9	2	0.1919191919191919	0.030303030303030304	8.380235769981483e-12	0.3036957590742624	0	1	8
A_fisher_reads	perm_07	7	309	3	49	3	0.23624595469255663	0.15857605177993528	1.9029932637373115e-06	0.3092888265775141	19	14	16
A_fisher_reads	perm_08	8	495	3	15	3	0.1595959595959596	0.030303030303030304	3.465108863482893e-08	0.3468657175918668	6	8	1
A_fisher_reads	perm_09	9	345	3	25	3	0.21159420289855072	0.07246376811594203	3.16555712160441e-08	0.276526447129432	4	8	13
A_fisher_reads	perm_10	10	288	3	39	3	0.2222222222222222	0.13541666666666666	6.007115010193836e-06	0.2986029017077413	8	13	18
A_fisher_reads	perm_11	11	327	3	27	3	0.23547400611620795	0.08256880733944955	0.0001046388453386	0.343211651014455	10	13	4
A_fisher_reads	perm_12	12	372	3	2	1	0.1532258064516129	0.005376344086021506	0.0007459553167321	0.3853437500858595	0	0	2
A_fisher_reads	perm_13	13	315	3	28	2	0.24761904761904763	0.08888888888888889	7.563054074792623e-05	0.2736075951826375	18	10	0
A_fisher_reads	perm_14	14	348	3	29	3	0.23275862068965517	0.08333333333333333	6.553572464689127e-09	0.3142431080658482	6	9	14
A_fisher_reads	perm_15	15	387	3	16	3	0.165374677002584	0.041343669250646	2.5233049435374567e-15	0.4125745124060732	10	3	3
A_fisher_reads	perm_16	16	267	3	24	2	0.22846441947565543	0.0898876404494382	2.6419187861441186e-08	0.3249971882192594	7	0	17
A_fisher_reads	perm_17	17	270	3	20	3	0.1925925925925926	0.07407407407407407	2.4878240963608584e-06	0.3433236260392985	9	4	7
A_fisher_reads	perm_18	18	294	3	31	3	0.20748299319727892	0.1054421768707483	1.465529616961853e-07	0.333970957887966	15	12	4
A_fisher_reads	perm_19	19	348	3	38	3	0.1752873563218391	0.10919540229885058	2.1064249426184107e-14	0.41074563803581166	12	15	11
A_fisher_reads	perm_20	20	438	3	18	3	0.1872146118721461	0.0410958904109589	4.0235988922717575e-06	0.3165942318069729	4	4	10
B_fisher_cells	true		783	3	668	3	0.8582375478927203	0.8531289910600255	2.800710913752838e-130	8.853266274281811e-15	236	215	217
B_fisher_cells	perm_01	1	177	3	3	2	0.11864406779661017	0.01694915254237288	0.0005193381954242	0.3957712379584903	1	2	0
B_fisher_cells	perm_02	2	264	3	3	2	0.125	0.011363636363636364	7.128884974235612e-05	0.45492333173853045	2	0	1
B_fisher_cells	perm_03	3	312	3	5	2	0.14102564102564102	0.016025641025641024	0.0001453978897184	0.4154820544091839	4	1	0
B_fisher_cells	perm_04	4	273	3	4	2	0.1282051282051282	0.014652014652014652	0.0001559618219145	0.5135052784242379	3	1	0
B_fisher_cells	perm_05	5	327	3	1	1	0.12538226299694188	0.0030581039755351682	0.0004238603525268	0.408036102723446	0	1	0
B_fisher_cells	perm_06	6	297	3	3	2	0.10101010101010101	0.010101010101010102	4.556768669667842e-06	0.4177140321685811	2	0	1
B_fisher_cells	perm_07	7	309	3	1	1	0.11003236245954692	0.003236245954692557	7.46149756352678e-05	0.3601734830230908	1	0	0
B_fisher_cells	perm_08	8	495	3	2	1	0.1494949494949495	0.00404040404040404	0.0001345621415857	0.3487143206815088	0	2	0
B_fisher_cells	perm_09	9	345	3	2	1	0.1536231884057971	0.005797101449275362	0.0004047877287615	0.4386758721410881	0	0	2
B_fisher_cells	perm_10	10	288	3	11	3	0.10416666666666667	0.03819444444444445	4.955122017505496e-05	0.4152685931159908	4	2	5
B_fisher_cells	perm_11	11	327	3	7	2	0.17737003058103976	0.021406727828746176	0.0001432847467434	0.3584219603785896	1	0	6
B_fisher_cells	perm_12	12	372	3	3	1	0.11021505376344086	0.008064516129032258	0.0004866828251742	0.41577744985844634	0	0	3
B_fisher_cells	perm_13	13	315	3	0	0	0.11746031746031746	0.0	0.0013622911100643	0.4863954067434208	0	0	0
B_fisher_cells	perm_14	14	348	3	4	2	0.13218390804597702	0.011494252873563218	0.0001547942634473	0.4660269208010346	3	1	0
B_fisher_cells	perm_15	15	387	3	2	1	0.10852713178294573	0.00516795865633075	0.0005388022660175	0.3723755502978765	0	2	0
B_fisher_cells	perm_16	16	267	3	2	2	0.11610486891385768	0.00749063670411985	0.0002543354668324	0.3746368627714435	1	0	1
B_fisher_cells	perm_17	17	270	3	1	1	0.13333333333333333	0.003703703703703704	0.0001526285750507	0.3961817212108204	1	0	0
B_fisher_cells	perm_18	18	294	3	1	1	0.17346938775510204	0.003401360544217687	0.0002127708287706	0.3334645428314498	0	0	1
B_fisher_cells	perm_19	19	348	3	3	2	0.12643678160919541	0.008620689655172414	0.0001724036772213	0.3807148558017146	1	0	2
B_fisher_cells	perm_20	20	438	3	4	1	0.13470319634703196	0.0091324200913242	0.000391864193456	0.429071632536708	0	4	0
C_nb_pairwise	true		1798	3	1754	3	0.9755283648498332	0.9755283648498332	0.0	1.282033550409048e-125	597	565	592
C_nb_pairwise	perm_01	1	1797	3	20	2	0.2531997774067891	0.011129660545353366	9.67036366807823e-06	0.1692709693968982	13	0	7
C_nb_pairwise	perm_02	2	1800	3	50	3	0.245	0.027777777777777776	6.261823265890143e-15	0.1686686002889509	18	19	13
C_nb_pairwise	perm_03	3	1800	3	22	3	0.2588888888888889	0.012222222222222223	9.82401747399649e-10	0.17316310868117518	1	20	1
C_nb_pairwise	perm_04	4	1800	3	17	3	0.2088888888888889	0.009444444444444445	1.8489729433446972e-25	0.23044135468194243	6	3	8
C_nb_pairwise	perm_05	5	1800	3	34	2	0.2611111111111111	0.01888888888888889	8.355076532141753e-06	0.14923665320484214	33	0	1
C_nb_pairwise	perm_06	6	1800	3	22	3	0.2511111111111111	0.012222222222222223	2.0867133134666577e-06	0.1748909192705405	3	6	13
C_nb_pairwise	perm_07	7	1800	3	21	2	0.2361111111111111	0.011666666666666667	8.656669619849618e-10	0.18438465862937514	0	16	5
C_nb_pairwise	perm_08	8	1800	3	141	1	0.34444444444444444	0.07833333333333334	2.2636757545650485e-05	0.10851069382424561	0	141	0
C_nb_pairwise	perm_09	9	1800	3	9	3	0.2427777777777778	0.005	1.158773908999042e-06	0.18031309119090444	2	2	5
C_nb_pairwise	perm_10	10	1800	3	0	0	0.23333333333333334	0.0	0.0002806509070788	0.1892781267438723	0	0	0
C_nb_pairwise	perm_11	11	1800	3	6	3	0.2427777777777778	0.0033333333333333335	5.5708371644766325e-37	0.1771114448453205	1	3	2
C_nb_pairwise	perm_12	12	1800	3	14	2	0.23	0.0077777777777777776	6.506391677416223e-06	0.180596138433898	12	2	0
C_nb_pairwise	perm_13	13	1798	3	18	3	0.2374860956618465	0.010011123470522803	1.6227073410090427e-06	0.1849379798484596	3	4	11
C_nb_pairwise	perm_14	14	1800	3	8	2	0.20444444444444446	0.0044444444444444444	3.081840322577626e-06	0.19406409998536994	7	0	1
C_nb_pairwise	perm_15	15	1800	3	32	2	0.28833333333333333	0.017777777777777778	2.2912397439082824e-06	0.15000779756970634	13	0	19
C_nb_pairwise	perm_16	16	1800	3	12	3	0.23944444444444443	0.006666666666666667	5.841003643428925e-15	0.18175839734931692	4	2	6
C_nb_pairwise	perm_17	17	1795	3	8	2	0.2373259052924791	0.004456824512534819	2.15616575452451e-06	0.1773847832703595	1	7	0
C_nb_pairwise	perm_18	18	1800	3	16	3	0.23277777777777778	0.008888888888888889	4.519488058379628e-06	0.18928917595110512	4	8	4
C_nb_pairwise	perm_19	19	1800	3	1	1	0.23222222222222222	0.0005555555555555556	8.810556637693831e-06	0.17286073785485676	1	0	0
C_nb_pairwise	perm_20	20	1800	3	7	3	0.2561111111111111	0.0038888888888888888	3.626283433822766e-05	0.1565659769822014	1	4	2
A0_fisher_reads_nomarker	true		208888	3	49923	3	0.311803454482785	0.23899410210256214	0.0	0.2854951124416568	11363	15595	22965
A0_fisher_reads_nomarker	perm_01	1	214088	3	1668	3	0.09698815440379657	0.0077911886700795935	7.681780641720966e-76	0.481056144159296	566	455	647
A0_fisher_reads_nomarker	perm_02	2	214114	3	1353	3	0.09397797435011256	0.0063190636763593225	2.883130798000447e-64	0.48512660889450704	405	422	526
A0_fisher_reads_nomarker	perm_03	3	214071	3	1463	3	0.09419304810086374	0.006834181182878578	8.879118112077947e-103	0.4850799049818606	479	507	477
A0_fisher_reads_nomarker	perm_04	4	214079	3	1536	3	0.09671196147216682	0.007174921407517786	3.4023941183575633e-100	0.4821756195426312	410	462	664
A0_fisher_reads_nomarker	perm_05	5	214016	3	2224	3	0.10281007027511961	0.010391746411483254	2.1704733627881805e-75	0.4766563520916735	1043	496	685
A0_fisher_reads_nomarker	perm_06	6	214065	3	1368	3	0.09538224371102236	0.006390582299768762	6.269905997160303e-74	0.4826484115550616	436	456	476
A0_fisher_reads_nomarker	perm_07	7	214024	3	1408	3	0.09426980151758681	0.006578701454042537	4.025306506079797e-64	0.484499744016832	448	486	474
A0_fisher_reads_nomarker	perm_08	8	214030	3	1626	3	0.09817315329626689	0.007597065831892725	2.078155876875472e-191	0.48006098012055454	464	696	466
A0_fisher_reads_nomarker	perm_09	9	214066	3	1323	3	0.09351788700681099	0.006180336905440378	1.3203185357625911e-90	0.4862804878048781	400	422	501
A0_fisher_reads_nomarker	perm_10	10	214063	3	1422	3	0.0944441589625484	0.006642904191756632	4.3384545808977424e-76	0.4822613611118738	496	471	455
A0_fisher_reads_nomarker	perm_11	11	214065	3	1480	3	0.09547567327680845	0.006913787868170883	2.4304465680206703e-84	0.4868035190615836	473	444	563
A0_fisher_reads_nomarker	perm_12	12	214021	3	1504	3	0.09548128454684353	0.007027347783628709	3.984779223300714e-70	0.4813834257684366	489	422	593
A0_fisher_reads_nomarker	perm_13	13	214036	3	1246	3	0.09185837896428638	0.005821450597095816	1.2220929991807596e-157	0.48606272727649436	463	335	448
A0_fisher_reads_nomarker	perm_14	14	214044	3	1292	3	0.09459737250284989	0.006036142101623965	2.8418345452340396e-82	0.48249024896828396	426	422	444
A0_fisher_reads_nomarker	perm_15	15	213989	3	1619	3	0.0962899962147587	0.007565809457495479	1.006391078569329e-86	0.4835370775251008	594	450	575
A0_fisher_reads_nomarker	perm_16	16	214034	3	1371	3	0.09379350944242504	0.0064055243559434484	1.9390769578846064e-74	0.4832427386141023	446	418	507
A0_fisher_reads_nomarker	perm_17	17	214120	3	1378	3	0.09493274799178031	0.006435643564356435	2.568644007333985e-82	0.48498859764605107	475	490	413
A0_fisher_reads_nomarker	perm_18	18	214114	3	1337	3	0.09465518368719467	0.006244337128819227	1.213776169016971e-66	0.4852965722552377	470	367	500
A0_fisher_reads_nomarker	perm_19	19	214071	3	1570	3	0.09686038744154976	0.007334015350047414	3.4293773730895834e-123	0.48674955737931	509	605	456
A0_fisher_reads_nomarker	perm_20	20	214048	3	1553	3	0.09683809239049185	0.007255381970399163	2.4450262760633938e-110	0.4825846558592841	506	526	521
B0_fisher_cells_nomarker	true		208888	3	60332	3	0.35190149745318067	0.2888246332963119	7.031879227518875e-134	0.2317108142781676	12918	21528	25886
B0_fisher_cells_nomarker	perm_01	1	214088	3	0	0	0.031071335151900154	0.0	4.463524235638662e-05	0.597942807817978	0	0	0
B0_fisher_cells_nomarker	perm_02	2	214114	3	0	0	0.028643619753962842	0.0	1.6370658455457924e-05	0.6052112444656329	0	0	0
B0_fisher_cells_nomarker	perm_03	3	214071	3	0	0	0.0289857103484358	0.0	3.0938650771117444e-06	0.6053831960911606	0	0	0
B0_fisher_cells_nomarker	perm_04	4	214079	3	0	0	0.03302052046207241	0.0	2.2313840343593263e-05	0.5943952465450718	0	0	0
B0_fisher_cells_nomarker	perm_05	5	214016	3	0	0	0.0348291716507177	0.0	2.1128021108574635e-06	0.5915316093686571	0	0	0
B0_fisher_cells_nomarker	perm_06	6	214065	3	0	0	0.029065937916053535	0.0	3.080073066525424e-06	0.602039529563406	0	0	0
B0_fisher_cells_nomarker	perm_07	7	214024	3	0	0	0.029954584532575785	0.0	7.842902893289213e-06	0.6021924132749412	0	0	0
B0_fisher_cells_nomarker	perm_08	8	214030	3	0	0	0.03462598701116666	0.0	1.6007675657247576e-05	0.5956354870315763	0	0	0
B0_fisher_cells_nomarker	perm_09	9	214066	3	0	0	0.029168574178057235	0.0	2.460752569470862e-05	0.6060287740537389	0	0	0
B0_fisher_cells_nomarker	perm_10	10	214063	3	0	0	0.02957073384938079	0.0	9.398622433379747e-06	0.6043074386443323	0	0	0
B0_fisher_cells_nomarker	perm_11	11	214065	3	0	0	0.02911265269894658	0.0	1.4953739937683528e-05	0.6071195979996107	0	0	0
B0_fisher_cells_nomarker	perm_12	12	214021	3	0	0	0.03025404049135365	0.0	2.280020188985705e-05	0.6014091086441902	0	0	0
B0_fisher_cells_nomarker	perm_13	13	214036	3	0	0	0.027247752714496625	0.0	3.402170584833124e-05	0.6098221684453372	0	0	0
B0_fisher_cells_nomarker	perm_14	14	214044	3	0	0	0.028386686849432827	0.0	2.454162130001988e-06	0.6091656102512493	0	0	0
B0_fisher_cells_nomarker	perm_15	15	213989	3	0	0	0.032655884180962574	0.0	7.748598252284788e-06	0.6001505682728618	0	0	0
B0_fisher_cells_nomarker	perm_16	16	214034	3	0	0	0.029434575815057422	0.0	5.103004372567286e-06	0.607490550199741	0	0	0
B0_fisher_cells_nomarker	perm_17	17	214120	3	0	0	0.029235942462170747	0.0	1.835236967997473e-05	0.6063342622958049	0	0	0
B0_fisher_cells_nomarker	perm_18	18	214114	3	0	0	0.028531529932652698	0.0	1.8282449133711144e-05	0.6054170184579699	0	0	0
B0_fisher_cells_nomarker	perm_19	19	214071	3	0	0	0.03180720415189353	0.0	2.713002553607873e-05	0.6010396964889437	0	0	0
B0_fisher_cells_nomarker	perm_20	20	214048	3	0	0	0.02981574226341755	0.0	1.5756080950333984e-05	0.6027420304029891	0	0	0
C0_nb_pairwise_nomarker	true		58465	3	43127	3	0.7533909176430343	0.7376550072693064	0.0	2.2570974366354475e-06	12139	11408	19580
C0_nb_pairwise_nomarker	perm_01	1	104960	3	152	3	0.05284870426829268	0.001448170731707317	4.949301919285533e-86	0.49999263486141643	46	35	71
C0_nb_pairwise_nomarker	perm_02	2	104757	3	119	3	0.04759586471548441	0.0011359622745974016	1.577981843819626e-92	0.5146643344558484	41	32	46
C0_nb_pairwise_nomarker	perm_03	3	104435	3	146	3	0.04755110834490353	0.001397998755206588	4.0188471329319176e-57	0.5215232890428807	48	48	50
C0_nb_pairwise_nomarker	perm_04	4	104648	3	126	3	0.04770277501720052	0.0012040363886553016	3.409571147523989e-86	0.5114022314269493	29	37	60
C0_nb_pairwise_nomarker	perm_05	5	105214	3	177	3	0.062434656984811904	0.0016822856273879902	9.433361009083452e-70	0.479820411963236	85	41	51
C0_nb_pairwise_nomarker	perm_06	6	104786	3	153	3	0.05043612696352566	0.0014601187181493712	1.0853808392326111e-99	0.5089637023103838	59	51	43
C0_nb_pairwise_nomarker	perm_07	7	104006	3	151	3	0.04986250793223468	0.0014518393169624829	2.1158775295478068e-72	0.5100768097938838	41	49	61
C0_nb_pairwise_nomarker	perm_08	8	103992	3	164	3	0.06760135395030387	0.0015770443880298484	1.740237880483551e-86	0.46611915030198103	51	59	54
C0_nb_pairwise_nomarker	perm_09	9	104618	3	142	3	0.04534592517540003	0.0013573190082012655	1.0425649838822032e-76	0.5183249195680539	52	38	52
C0_nb_pairwise_nomarker	perm_10	10	104756	3	135	3	0.049553247546679904	0.001288708999961816	4.409749193130196e-182	0.5081791611290404	51	47	37
C0_nb_pairwise_nomarker	perm_11	11	104977	3	134	3	0.04814387913542967	0.0012764700839231452	2.439239273380661e-61	0.5131811996957214	51	40	43
C0_nb_pairwise_nomarker	perm_12	12	105205	3	134	3	0.05196521077895537	0.0012737037213060216	4.274547550805872e-59	0.4970342097699862	49	50	35
C0_nb_pairwise_nomarker	perm_13	13	104290	3	119	3	0.042899606865471285	0.001141048997986384	4.867017067904631e-124	0.5287736726771589	51	19	49
C0_nb_pairwise_nomarker	perm_14	14	104387	3	121	3	0.045206778621859046	0.0011591481697912575	9.287750207230224e-58	0.5238523271461903	32	30	59
C0_nb_pairwise_nomarker	perm_15	15	104138	3	135	3	0.060535059248305136	0.0012963567573796308	1.3806575105340224e-71	0.48190543887383824	65	26	44
C0_nb_pairwise_nomarker	perm_16	16	104551	3	129	3	0.046302761331790225	0.00123384759591013	1.2880214127356882e-86	0.5187269212022656	50	43	36
C0_nb_pairwise_nomarker	perm_17	17	104742	3	148	3	0.04819461152164366	0.0014129957419182371	5.0362054919273816e-55	0.5124746798871309	60	28	60
C0_nb_pairwise_nomarker	perm_18	18	104284	3	134	3	0.044733612059376315	0.0012849526293582908	1.6735900910487526e-58	0.5228096196587849	35	40	59
C0_nb_pairwise_nomarker	perm_19	19	104344	3	132	3	0.055709959365176726	0.001265046385034118	2.6541744927357353e-41	0.48947066147892837	55	36	41
C0_nb_pairwise_nomarker	perm_20	20	104151	3	131	3	0.053902506937043335	0.0012577891714913923	3.812355247464482e-62	0.496573670808325	60	31	40
