panel	bin_left	bin_right	n_replicated	below_effect_floor	source	note
retired_effect_histogram	0.0000	0.0200	0	True	/mnt/ssd0/emaout/peakatail_benchmark/stage3_laughney_v3/replication/primary_noMetBone/pas_K2/replicated.tsv (mean_effect_consensus, abs)	not plotted since 2026-09-02 (publication design pass); values quoted in the caption Legend
retired_effect_histogram	0.0200	0.0400	4	True	/mnt/ssd0/emaout/peakatail_benchmark/stage3_laughney_v3/replication/primary_noMetBone/pas_K2/replicated.tsv (mean_effect_consensus, abs)	not plotted since 2026-09-02 (publication design pass); values quoted in the caption Legend
retired_effect_histogram	0.0400	0.0600	32	True	/mnt/ssd0/emaout/peakatail_benchmark/stage3_laughney_v3/replication/primary_noMetBone/pas_K2/replicated.tsv (mean_effect_consensus, abs)	not plotted since 2026-09-02 (publication design pass); values quoted in the caption Legend
retired_effect_histogram	0.0600	0.0800	95	True	/mnt/ssd0/emaout/peakatail_benchmark/stage3_laughney_v3/replication/primary_noMetBone/pas_K2/replicated.tsv (mean_effect_consensus, abs)	not plotted since 2026-09-02 (publication design pass); values quoted in the caption Legend
retired_effect_histogram	0.0800	0.1000	160	True	/mnt/ssd0/emaout/peakatail_benchmark/stage3_laughney_v3/replication/primary_noMetBone/pas_K2/replicated.tsv (mean_effect_consensus, abs)	not plotted since 2026-09-02 (publication design pass); values quoted in the caption Legend
retired_effect_histogram	0.1000	0.1200	265	False	/mnt/ssd0/emaout/peakatail_benchmark/stage3_laughney_v3/replication/primary_noMetBone/pas_K2/replicated.tsv (mean_effect_consensus, abs)	not plotted since 2026-09-02 (publication design pass); values quoted in the caption Legend
retired_effect_histogram	0.1200	0.1400	320	False	/mnt/ssd0/emaout/peakatail_benchmark/stage3_laughney_v3/replication/primary_noMetBone/pas_K2/replicated.tsv (mean_effect_consensus, abs)	not plotted since 2026-09-02 (publication design pass); values quoted in the caption Legend
retired_effect_histogram	0.1400	0.1600	411	False	/mnt/ssd0/emaout/peakatail_benchmark/stage3_laughney_v3/replication/primary_noMetBone/pas_K2/replicated.tsv (mean_effect_consensus, abs)	not plotted since 2026-09-02 (publication design pass); values quoted in the caption Legend
retired_effect_histogram	0.1600	0.1800	516	False	/mnt/ssd0/emaout/peakatail_benchmark/stage3_laughney_v3/replication/primary_noMetBone/pas_K2/replicated.tsv (mean_effect_consensus, abs)	not plotted since 2026-09-02 (publication design pass); values quoted in the caption Legend
retired_effect_histogram	0.1800	0.2000	618	False	/mnt/ssd0/emaout/peakatail_benchmark/stage3_laughney_v3/replication/primary_noMetBone/pas_K2/replicated.tsv (mean_effect_consensus, abs)	not plotted since 2026-09-02 (publication design pass); values quoted in the caption Legend
retired_effect_histogram	0.2000	0.2200	676	False	/mnt/ssd0/emaout/peakatail_benchmark/stage3_laughney_v3/replication/primary_noMetBone/pas_K2/replicated.tsv (mean_effect_consensus, abs)	not plotted since 2026-09-02 (publication design pass); values quoted in the caption Legend
retired_effect_histogram	0.2200	0.2400	719	False	/mnt/ssd0/emaout/peakatail_benchmark/stage3_laughney_v3/replication/primary_noMetBone/pas_K2/replicated.tsv (mean_effect_consensus, abs)	not plotted since 2026-09-02 (publication design pass); values quoted in the caption Legend
retired_effect_histogram	0.2400	0.2600	782	False	/mnt/ssd0/emaout/peakatail_benchmark/stage3_laughney_v3/replication/primary_noMetBone/pas_K2/replicated.tsv (mean_effect_consensus, abs)	not plotted since 2026-09-02 (publication design pass); values quoted in the caption Legend
retired_effect_histogram	0.2600	0.2800	845	False	/mnt/ssd0/emaout/peakatail_benchmark/stage3_laughney_v3/replication/primary_noMetBone/pas_K2/replicated.tsv (mean_effect_consensus, abs)	not plotted since 2026-09-02 (publication design pass); values quoted in the caption Legend
retired_effect_histogram	0.2800	0.3000	877	False	/mnt/ssd0/emaout/peakatail_benchmark/stage3_laughney_v3/replication/primary_noMetBone/pas_K2/replicated.tsv (mean_effect_consensus, abs)	not plotted since 2026-09-02 (publication design pass); values quoted in the caption Legend
retired_effect_histogram	0.3000	0.3200	835	False	/mnt/ssd0/emaout/peakatail_benchmark/stage3_laughney_v3/replication/primary_noMetBone/pas_K2/replicated.tsv (mean_effect_consensus, abs)	not plotted since 2026-09-02 (publication design pass); values quoted in the caption Legend
retired_effect_histogram	0.3200	0.3400	862	False	/mnt/ssd0/emaout/peakatail_benchmark/stage3_laughney_v3/replication/primary_noMetBone/pas_K2/replicated.tsv (mean_effect_consensus, abs)	not plotted since 2026-09-02 (publication design pass); values quoted in the caption Legend
retired_effect_histogram	0.3400	0.3600	825	False	/mnt/ssd0/emaout/peakatail_benchmark/stage3_laughney_v3/replication/primary_noMetBone/pas_K2/replicated.tsv (mean_effect_consensus, abs)	not plotted since 2026-09-02 (publication design pass); values quoted in the caption Legend
retired_effect_histogram	0.3600	0.3800	729	False	/mnt/ssd0/emaout/peakatail_benchmark/stage3_laughney_v3/replication/primary_noMetBone/pas_K2/replicated.tsv (mean_effect_consensus, abs)	not plotted since 2026-09-02 (publication design pass); values quoted in the caption Legend
retired_effect_histogram	0.3800	0.4000	772	False	/mnt/ssd0/emaout/peakatail_benchmark/stage3_laughney_v3/replication/primary_noMetBone/pas_K2/replicated.tsv (mean_effect_consensus, abs)	not plotted since 2026-09-02 (publication design pass); values quoted in the caption Legend
retired_effect_histogram	0.4000	0.4200	631	False	/mnt/ssd0/emaout/peakatail_benchmark/stage3_laughney_v3/replication/primary_noMetBone/pas_K2/replicated.tsv (mean_effect_consensus, abs)	not plotted since 2026-09-02 (publication design pass); values quoted in the caption Legend
retired_effect_histogram	0.4200	0.4400	613	False	/mnt/ssd0/emaout/peakatail_benchmark/stage3_laughney_v3/replication/primary_noMetBone/pas_K2/replicated.tsv (mean_effect_consensus, abs)	not plotted since 2026-09-02 (publication design pass); values quoted in the caption Legend
retired_effect_histogram	0.4400	0.4600	603	False	/mnt/ssd0/emaout/peakatail_benchmark/stage3_laughney_v3/replication/primary_noMetBone/pas_K2/replicated.tsv (mean_effect_consensus, abs)	not plotted since 2026-09-02 (publication design pass); values quoted in the caption Legend
retired_effect_histogram	0.4600	0.4800	437	False	/mnt/ssd0/emaout/peakatail_benchmark/stage3_laughney_v3/replication/primary_noMetBone/pas_K2/replicated.tsv (mean_effect_consensus, abs)	not plotted since 2026-09-02 (publication design pass); values quoted in the caption Legend
retired_effect_histogram	0.4800	0.5000	460	False	/mnt/ssd0/emaout/peakatail_benchmark/stage3_laughney_v3/replication/primary_noMetBone/pas_K2/replicated.tsv (mean_effect_consensus, abs)	not plotted since 2026-09-02 (publication design pass); values quoted in the caption Legend
retired_effect_histogram	0.5000	0.5200	409	False	/mnt/ssd0/emaout/peakatail_benchmark/stage3_laughney_v3/replication/primary_noMetBone/pas_K2/replicated.tsv (mean_effect_consensus, abs)	not plotted since 2026-09-02 (publication design pass); values quoted in the caption Legend
retired_effect_histogram	0.5200	0.5400	310	False	/mnt/ssd0/emaout/peakatail_benchmark/stage3_laughney_v3/replication/primary_noMetBone/pas_K2/replicated.tsv (mean_effect_consensus, abs)	not plotted since 2026-09-02 (publication design pass); values quoted in the caption Legend
retired_effect_histogram	0.5400	0.5600	285	False	/mnt/ssd0/emaout/peakatail_benchmark/stage3_laughney_v3/replication/primary_noMetBone/pas_K2/replicated.tsv (mean_effect_consensus, abs)	not plotted since 2026-09-02 (publication design pass); values quoted in the caption Legend
retired_effect_histogram	0.5600	0.5800	267	False	/mnt/ssd0/emaout/peakatail_benchmark/stage3_laughney_v3/replication/primary_noMetBone/pas_K2/replicated.tsv (mean_effect_consensus, abs)	not plotted since 2026-09-02 (publication design pass); values quoted in the caption Legend
retired_effect_histogram	0.5800	0.6000	232	False	/mnt/ssd0/emaout/peakatail_benchmark/stage3_laughney_v3/replication/primary_noMetBone/pas_K2/replicated.tsv (mean_effect_consensus, abs)	not plotted since 2026-09-02 (publication design pass); values quoted in the caption Legend
retired_effect_histogram	0.6000	0.6200	201	False	/mnt/ssd0/emaout/peakatail_benchmark/stage3_laughney_v3/replication/primary_noMetBone/pas_K2/replicated.tsv (mean_effect_consensus, abs)	not plotted since 2026-09-02 (publication design pass); values quoted in the caption Legend
retired_effect_histogram	0.6200	0.6400	143	False	/mnt/ssd0/emaout/peakatail_benchmark/stage3_laughney_v3/replication/primary_noMetBone/pas_K2/replicated.tsv (mean_effect_consensus, abs)	not plotted since 2026-09-02 (publication design pass); values quoted in the caption Legend
retired_effect_histogram	0.6400	0.6600	128	False	/mnt/ssd0/emaout/peakatail_benchmark/stage3_laughney_v3/replication/primary_noMetBone/pas_K2/replicated.tsv (mean_effect_consensus, abs)	not plotted since 2026-09-02 (publication design pass); values quoted in the caption Legend
retired_effect_histogram	0.6600	0.6800	132	False	/mnt/ssd0/emaout/peakatail_benchmark/stage3_laughney_v3/replication/primary_noMetBone/pas_K2/replicated.tsv (mean_effect_consensus, abs)	not plotted since 2026-09-02 (publication design pass); values quoted in the caption Legend
retired_effect_histogram	0.6800	0.7000	132	False	/mnt/ssd0/emaout/peakatail_benchmark/stage3_laughney_v3/replication/primary_noMetBone/pas_K2/replicated.tsv (mean_effect_consensus, abs)	not plotted since 2026-09-02 (publication design pass); values quoted in the caption Legend
retired_effect_histogram	0.7000	0.7200	110	False	/mnt/ssd0/emaout/peakatail_benchmark/stage3_laughney_v3/replication/primary_noMetBone/pas_K2/replicated.tsv (mean_effect_consensus, abs)	not plotted since 2026-09-02 (publication design pass); values quoted in the caption Legend
retired_effect_histogram	0.7200	0.7400	81	False	/mnt/ssd0/emaout/peakatail_benchmark/stage3_laughney_v3/replication/primary_noMetBone/pas_K2/replicated.tsv (mean_effect_consensus, abs)	not plotted since 2026-09-02 (publication design pass); values quoted in the caption Legend
retired_effect_histogram	0.7400	0.7600	76	False	/mnt/ssd0/emaout/peakatail_benchmark/stage3_laughney_v3/replication/primary_noMetBone/pas_K2/replicated.tsv (mean_effect_consensus, abs)	not plotted since 2026-09-02 (publication design pass); values quoted in the caption Legend
retired_effect_histogram	0.7600	0.7800	63	False	/mnt/ssd0/emaout/peakatail_benchmark/stage3_laughney_v3/replication/primary_noMetBone/pas_K2/replicated.tsv (mean_effect_consensus, abs)	not plotted since 2026-09-02 (publication design pass); values quoted in the caption Legend
retired_effect_histogram	0.7800	0.8000	58	False	/mnt/ssd0/emaout/peakatail_benchmark/stage3_laughney_v3/replication/primary_noMetBone/pas_K2/replicated.tsv (mean_effect_consensus, abs)	not plotted since 2026-09-02 (publication design pass); values quoted in the caption Legend
retired_effect_histogram	0.8000	0.8200	48	False	/mnt/ssd0/emaout/peakatail_benchmark/stage3_laughney_v3/replication/primary_noMetBone/pas_K2/replicated.tsv (mean_effect_consensus, abs)	not plotted since 2026-09-02 (publication design pass); values quoted in the caption Legend
retired_effect_histogram	0.8200	0.8400	36	False	/mnt/ssd0/emaout/peakatail_benchmark/stage3_laughney_v3/replication/primary_noMetBone/pas_K2/replicated.tsv (mean_effect_consensus, abs)	not plotted since 2026-09-02 (publication design pass); values quoted in the caption Legend
retired_effect_histogram	0.8400	0.8600	39	False	/mnt/ssd0/emaout/peakatail_benchmark/stage3_laughney_v3/replication/primary_noMetBone/pas_K2/replicated.tsv (mean_effect_consensus, abs)	not plotted since 2026-09-02 (publication design pass); values quoted in the caption Legend
retired_effect_histogram	0.8600	0.8800	24	False	/mnt/ssd0/emaout/peakatail_benchmark/stage3_laughney_v3/replication/primary_noMetBone/pas_K2/replicated.tsv (mean_effect_consensus, abs)	not plotted since 2026-09-02 (publication design pass); values quoted in the caption Legend
retired_effect_histogram	0.8800	0.9000	20	False	/mnt/ssd0/emaout/peakatail_benchmark/stage3_laughney_v3/replication/primary_noMetBone/pas_K2/replicated.tsv (mean_effect_consensus, abs)	not plotted since 2026-09-02 (publication design pass); values quoted in the caption Legend
retired_effect_histogram	0.9000	0.9200	23	False	/mnt/ssd0/emaout/peakatail_benchmark/stage3_laughney_v3/replication/primary_noMetBone/pas_K2/replicated.tsv (mean_effect_consensus, abs)	not plotted since 2026-09-02 (publication design pass); values quoted in the caption Legend
retired_effect_histogram	0.9200	0.9400	11	False	/mnt/ssd0/emaout/peakatail_benchmark/stage3_laughney_v3/replication/primary_noMetBone/pas_K2/replicated.tsv (mean_effect_consensus, abs)	not plotted since 2026-09-02 (publication design pass); values quoted in the caption Legend
retired_effect_histogram	0.9400	0.9600	12	False	/mnt/ssd0/emaout/peakatail_benchmark/stage3_laughney_v3/replication/primary_noMetBone/pas_K2/replicated.tsv (mean_effect_consensus, abs)	not plotted since 2026-09-02 (publication design pass); values quoted in the caption Legend
retired_effect_histogram	0.9600	0.9800	8	False	/mnt/ssd0/emaout/peakatail_benchmark/stage3_laughney_v3/replication/primary_noMetBone/pas_K2/replicated.tsv (mean_effect_consensus, abs)	not plotted since 2026-09-02 (publication design pass); values quoted in the caption Legend
retired_effect_histogram	0.9800	1.0000	7	False	/mnt/ssd0/emaout/peakatail_benchmark/stage3_laughney_v3/replication/primary_noMetBone/pas_K2/replicated.tsv (mean_effect_consensus, abs)	not plotted since 2026-09-02 (publication design pass); values quoted in the caption Legend
