cluster	s_Spermatogonia	s_Spermatocyte	s_RoundSpermatid	s_Elongating	s_Sertoli	s_Leydig	s_Immune	n_cells	abs_Spermatogonia	abs_Spermatocyte	abs_RoundSpermatid	abs_Elongating	abs_Sertoli	abs_Leydig	abs_Immune	stage	somatic_abs_max	margin	z_s_Spermatogonia	z_s_Spermatocyte	z_s_RoundSpermatid	z_s_Elongating	z_s_Sertoli	z_s_Leydig	z_s_Immune	mouse	source
0	-0.01067214664740919	-0.25331156965113993	0.7211007159901948	1.9336505507273243	-0.01295985877048432	-0.01576964882650861	-0.008455378520819876	72	0.031743567	0.2061248	1.8249677	3.178982	0.0042842044	0.04108801	0.017062845	RoundSpermatid	0.04108801	0.8079267997847078	-0.14370416021785462	-0.8648899137838181	1.5212840448752416	0.7133572450905338	-0.3955178199057567	-0.4328331871557803	0.05141269595410279	mouse1	GEX
1	-0.013953879822300718	-0.11214903619821323	0.47530516075984014	0.5412136520296936	-0.00792766799352541	-0.013907005930717904	-0.021259328660680286	67	0.029044827	0.41843653	1.6586126	1.912292	0.003569532	0.03000277	0.0038109792	RoundSpermatid	0.03000277	1.2173612387359374	-0.2555357474607048	-0.3601794215886543	0.9618254912752325	-0.47886819092634136	-0.2543036532158576	-0.34950128196831376	-0.43238308137151105	mouse1	GEX
10	-0.015155594607210271	0.030787801161620377	-0.15681024778808156	0.07805475559588784	-0.008516986195912072	-0.019106046500660123	-0.02276841412460993	84	0.02297225	0.54577315	0.9661987	1.4205751	0.0019341101	0.02642774	0.002007615	Spermatocyte	0.02642774	0.44736146095885077	-0.2964865696780161	0.15087489128083464	-0.47694085192846236	-0.8754318109814844	-0.2708411977076651	-0.5820987147984543	-0.4894037013440742	mouse1	GEX
11	-0.017498999907080984	-0.029350759569446484	0.06109402190176536	0.2645432850368525	-0.0031694632200202104	-0.0057035103959230645	-0.020980633331175464	67	0.020368723	0.49235705	1.2062945	1.6168194	0.006629901	0.036199078	0.0023812144	RoundSpermatid	0.036199078	0.08317762725289411	-0.37634276769037006	-0.06414365396656371	0.019033973286330403	-0.7157575244605979	-0.12077812689698053	0.017511049625783977	-0.4218526105322773	mouse1	GEX
12	-0.0300712823284537	0.38906209128243585	-0.5239641110659577	-0.38229587798730735	-0.01582542141222261	-0.045820960252503165	-0.0318150937907836	51	0.021366943	0.8928523	0.5252721	0.84372145	0.0015527194	0.01981017	0.002378344	Spermatocyte	0.01981017	2.236611941111544	-0.8047683049048532	1.4318436362066909	-1.312624675037438	-1.269590954105105	-0.47593171089009745	-1.7772846867798902	-0.8312314477429704	mouse1	GEX
13	-0.020157532694912782	0.15440362386352152	-0.3897421868909437	0.02619198912176328	-0.007471241878492013	0.017313331000658932	-0.022588126829692298	98	0.018497791	0.6513174	0.68284833	1.3367876	0.003927664	0.07051565	0.0019083163	Spermatocyte	0.07051565	1.0597866880078541	-0.4669375618299687	0.5928491261778855	-1.0071203566619933	-0.9198374924385667	-0.24149534837474013	1.0472507003711866	-0.48259156672672093	mouse1	GEX
14	0.10701773325967506	0.8716232618447635	-0.4230269286984932	0.1955621192618361	0.14637652149977515	-0.037620594291947786	-0.052720280438661574	64	0.17949837	1.3424896	0.4487562	1.2250985	0.18285193	0.044620175	0.0	Spermatogonia	0.18285193	0.7096267461784129	3.8668126524004283	3.1571859062220153	-1.0828802030560818	-0.7748202371192418	4.075805935599252	-1.4104123677369849	-1.6211315109243654	mouse1	GEX
15	-0.02801339117344858	0.1830135207898689	-0.46384590083192545	0.2802740305474719	-0.015133288833830092	-0.0066968871653079985	-0.030786158786879642	60	0.01869383	0.6443532	0.53522	1.4956477	0.0	0.05695035	0.0048202006	Spermatocyte	0.05695035	1.3974291635646123	-0.7346415694353092	0.6951405402390032	-1.1757888119518252	-0.7022886233256093	-0.4565089724390531	-0.0269311668338968	-0.7923532574506208	mouse1	GEX
16	6.902100823193575e-05	-0.1725463148414782	-0.28185779822792256	2.8199403712344053	-0.002213538022730363	0.03999960379030719	0.030008160033315984	53	0.012529606	0.11864358	0.52740264	3.7513952	0.002711025	0.0620136	0.03855244	Elongating	0.0620136	1.2498894344544889	0.22232249818395597	-0.5761229831389709	-0.7615632554326004	1.4722119326384449	-0.09395279651180352	2.062201197557844	1.504753058125706	mouse1	GEX
17	0.001812750863783275	-0.1751619654093986	-0.16061286581091688	2.978430664281092	0.0063210651040449565	0.01255432015436667	0.043328004748732954	45	0.01674614	0.11326486	0.69435084	3.9041204	0.012013043	0.03728676	0.05303769	Elongating	0.05303769	1.326170145318827	0.2817435623219621	-0.5854749425665473	-0.48559604171395304	1.6079137076407892	0.14554664259827807	0.8343395505605826	2.008041852408833	mouse1	GEX
2	-0.00898133073909912	-0.1976983018058764	0.7185768303459469	0.9362517958319336	-0.011913953360464358	-0.014066158475507285	-0.023216300425322158	69	0.032577492	0.3151307	1.8875138	2.2700896	0.0010242906	0.033771493	0.0029201133	RoundSpermatid	0.033771493	1.6016256390836285	-0.08608624410923424	-0.666051035646763	1.5155393949743943	-0.1406305848427674	-0.3661674499657515	-0.3566215328777629	-0.5063270334907681	mouse1	GEX
3	-0.018338164811369878	-0.16324823087563844	0.5879302232534137	0.7269391725095682	-0.00599558167072941	-0.015099103707624108	-0.020408761804563958	76	0.022613242	0.3617214	1.7698449	2.0878127	0.0059993034	0.02907061	0.0035805192	RoundSpermatid	0.02907061	1.5380201078364952	-0.40493898139937257	-0.5428787474336387	1.2181729036713373	-0.3198472041651578	-0.20008512849381352	-0.4028339841968679	-0.40024451094384705	mouse1	GEX
4	-0.0033235817307368256	-0.22306918367162928	0.05942244455096286	2.7400498290631754	-0.005687012889777801	0.02800714862346649	0.01998470507065455	50	0.014430547	0.11395353	1.0126036	3.7949188	0.0018295614	0.059057914	0.034094524	Elongating	0.059057914	1.297095637706989	0.1067128099600321	-0.7567617218371575	0.015229273701612223	1.4038084476670212	-0.19142602052276544	1.5256763815630527	1.1260179699553345	mouse1	GEX
5	-0.01652227331142424	-0.09767247795051591	0.2746405107338483	0.3902531957396324	-0.007026262738279196	0.007261430475511211	-0.02342729505983371	103	0.022019055	0.43044078	1.4475102	1.758034	0.0046633915	0.04992901	0.0007919665	RoundSpermatid	0.04992901	0.8135101385576211	-0.3430588656564366	-0.30842014340225254	0.5050899951553686	-0.6081228063348111	-0.22900827042704852	0.5975434465500674	-0.5142994413883331	mouse1	GEX
6	-0.0034994015596190786	-0.22086562689248615	0.7822136590695576	1.197738066139461	-0.011639227818293746	-0.0297760880390803	-0.01807258275349935	50	0.0395671	0.28208667	1.9397521	2.507161	0.0027978453	0.023455929	0.007585344	RoundSpermatid	0.023455929	1.5596626332248615	0.10072139948123272	-0.7488831566160807	1.6603840327060944	0.08325789651060941	-0.3584580565374088	-1.059460688924207	-0.3119722553011881	mouse1	GEX
7	0.0045287354313785	-0.17020692729376896	0.01158887682728707	2.763293248078728	-0.0009305494809718052	0.019034516689789237	0.036547161795903206	134	0.023069704	0.15752272	0.93572193	3.8070135	0.0063900384	0.047960483	0.049610972	Elongating	0.049610972	1.0494136727988184	0.374296140162572	-0.5677587705412047	-0.09364535011791114	1.4237098129613903	-0.05794936066698578	1.1242540180660385	1.7518284845455507	mouse1	GEX
8	-0.012287632545881104	-0.23312385811978115	0.1547277114208568	2.6315117705826774	-0.0034996634503082695	-0.004346286181931024	0.0196281198499439	74	0.014142399	0.14625356	1.1392977	3.7267523	0.007063742	0.037926447	0.037930977	Elongating	0.037930977	1.0787216605114753	-0.19875505636529278	-0.792711060273203	0.2321548674273569	1.3108765279388321	-0.13004426016331908	0.07823126592387732	1.1125444385722754	mouse1	GEX
9	-0.031144878596682916	0.2141265033465209	-0.49757252432812804	-0.3126278524158107	-0.012367124226689804	-0.02596660458615848	-0.02968664040426155	77	0.013990667	0.723125	0.57765526	0.98530567	0.0023454507	0.03275678	0.0014794877	Spermatocyte	0.03275678	1.6477346844311962	-0.8413532337627706	0.8063814506684256	-1.2525544311727028	-1.2099401417479347	-0.3788844054784834	-0.8890299989462748	-0.7508080823451263	mouse1	GEX
